<root><![CDATA[<h1> 10 советов, как сделать утюжение комфортным</h1><p><a title="10 советов, как сделать утюжение комфортным"><img height="194" src="https://hmarka.ua/ru/articles/10-sovetov-kak-sdelat-utyuzhenie-komfortnym/9_225x194.jpg" style="float: left;" width="225"/></a>  Даже такое, на первый взгляд скучное занятие, как утюжение вещей, можно облегчить и сделать более интересным. Чтобы руки не устали, а процесс работы с утюгом прошел быстро и легко, представляем 10 советов, как сделать глажку комфортной. </p><p>  1. Выбор утюга в магазине. Выбирая утюг мы оцениваем и его вес. При этом многие из нас выбирает легкий утюг, поскольку думают, что рука от этого будет меньше уставать. Однако это заблуждение. Тяжелый массивный утюг имеет массивную подошву, обеспечивает большее давление на вещи, выглаживая все складки, в результате вам не приходится налегать всем телом на утюг с целью достичь желаемого результата, и вы тратите значительно меньше энергии при работе. </p><p>  2. Часто усталость и боль в запястьях списывают на большой вес утюга. Это тоже является ошибкой. Усталость в руках при глажке образуется в результате неправильной высоты гладильной доски. Оптимальное расстояние между локтем руки и гладильной доской - 27 сантиметров. Это расстояние должно соблюдаться и в том случае, если Вы гладите стоя, и в том случае, если сидите. </p><p>  3. Обязательно перед началом утюжения проверьте подошву утюга. Поверхность её должна быть чистой и не содержать нагара. В случае, если поверхность утюга загрязнена, воспользуйтесь рекомендациями производителя по ее очистке, в зависимости от материала подошвы. Не чистите поверхность острыми предметами или бытовой химией, если этого не советует производитель. </p><p>  4. Начинайте утюжение с изделий из тонких и легких материалов, которые нужно гладить при низких температурах. Заканчивайте глажку плотными и грубыми тканями. Утюг нагревается гораздо быстрее, чем остывает, поэтому вы сможете избежать неумышленного повреждения вещей и сэкономить время. </p><p>  5. Когда вы дошли до глажения вещей из льна, то лучше, если они будут немножко недосушенными. Гладить их надо с изнанки или через сухую марлевую ткань. Это поможет избежать образования блеска на вещах. </p><p>  6. По той же причине через марлевую ткань нужно гладить вещи из вельвета, твида, фланели или шерсти, темные костюмы.  <a title="10 советов, как сделать утюжение комфортным"><img height="354" src="https://hmarka.ua/ru/articles/10-sovetov-kak-sdelat-utyuzhenie-komfortnym/10_243x354.jpg" style="float: right;" width="243"/></a></p><p>  7. Если у вас есть футболки или рубашки, украшенные бисером, стразами или вышивкой, гладьте их через влажные махровые полотенца. Они достаточно плотные, чтобы не повредить украшения подошвой утюга. </p><p>  8. При глажке льняных тканей и трикотажных свитеров, не гладьте их круговыми множественными движениями или из стороны в сторону. Чтобы правильно их погладить, необходимо делать один плавный прямое неторопливое движение вверх или вниз. </p><p>  9. Брюки гладим с использованием влажной марлевой тряпки. Начинаем их глажение с пояса. Гладим карманы, для того, чтобы поверхность была ровной, в карманы можно положить картонные вкладки или деревянный брусок соответствующий по размерам. Основную поверхность брюк гладим, раскладывая их на гладильной доске. Проглаживаем тщательно стрелки одной и другой штанины через влажную марлевую ткань. Затем две штанины составляем вместе и проглаживаем всю поверхность. </p><p>  10. Дайте вещам остыть после утюжения. Для того, чтобы ваши вещи не помялись, развешивайте их на вешалки и аккуратно складывайте. Вешалки должны иметь соответствующую одежде длину и ширину плеч. Брюки рекомендуется вешать на клипы, которые удерживают их в прямом висячем положении. </p> Источник:superova.com<a>  текстиль </a> , <a>  техника </a> , <a>  уход за вещами </a><i data-social="twitter" onclick='popup_window("https://twitter.com/share?url=https://hmarka.ua/ru/articles/10-sovetov-kak-sdelat-utyuzhenie-komfortnym/")'></i><i data-social="facebook" onclick='popup_window("https://www.facebook.com/sharer/sharer.php?u=https://hmarka.ua/ru/articles/10-sovetov-kak-sdelat-utyuzhenie-komfortnym/")'></i><i data-social="pinterest" onclick="popup_window(url='https://www.pinterest.com/pin/create/button/?url=https://hmarka.ua/ru/articles/10-sovetov-kak-sdelat-utyuzhenie-komfortnym/&amp;media=https://hmarka.ua/media/thumbs/articles/icons/5_w.jpg&amp;description=10 советов, как сделать утюжение комфортным', w=580, h=327)"></i><p>   Понравился товар? Поделись с друзьями!  </p>]]></root>