<root><![CDATA[<h1> Как почистить посуду от накипи</h1><p><a title="Как почистить посуду от накипи"><img height="288" src="https://hmarka.ua/ru/articles/kak-pochistit-posudu-ot-nakipi/31_288x288.jpg" style="float: left;" width="288"/></a>  Для  <a target="_blank" title="удаления накипи">   удаления накипи  </a>  с посуды используют щелочи или кислоты. Щелочи не действуют на металл, за исключением алюминия. При обработке щелочью накипь хорошо размягчается. После остается лишь почистить посуду щеткой. Применяют фосфорнокислые соли (тринатрийфосфат), реже используют стиральную или пищевую соду.  <br/><br/>  Перед началом чистки сначала засыпьте 20-30 г порошка в загрязненную посуду, залить водой и кипятить 1-2 часа. После этого накипь соскоблить и тщательно промыть чистой водой.  <br/><br/>  Из кислот чаще всего применяют уксусную эссенцию. 1-2 ч.л. уксусной эссенции растворить в 1л воды, залить в требующую очистки посуду и кипятить 1,5-2 часа. Затем тщательно промыть в чистой воде.  <br/><br/>  Специальный рецепт для чистки чайников. Я лично им не пользовалась, но так как встречала данный рецепт, сообщу его и вам:  <br/><br/>  1-2 раза в месяц залить в чайник рассол от помидоров, засоленных на зиму. Можно налить огуречный рассол или сок от кислой капусты. Все кипятить 2-3 часа. Затем чайник промыть в холодной, а потом в горячей воде. </p> Источник: <a rel="nofollow" target="_blank">  prelest.com </a><a>  накипь </a> , <a>  чистка </a> , <a>  чистота </a><i data-social="twitter" onclick='popup_window("https://twitter.com/share?url=https://hmarka.ua/ru/articles/kak-pochistit-posudu-ot-nakipi/")'></i><i data-social="facebook" onclick='popup_window("https://www.facebook.com/sharer/sharer.php?u=https://hmarka.ua/ru/articles/kak-pochistit-posudu-ot-nakipi/")'></i><i data-social="pinterest" onclick="popup_window(url='https://www.pinterest.com/pin/create/button/?url=https://hmarka.ua/ru/articles/kak-pochistit-posudu-ot-nakipi/&amp;media=https://hmarka.ua/media/thumbs/articles/icons/3_w.jpg&amp;description=Как почистить посуду от накипи', w=580, h=327)"></i><p>   Понравился товар? Поделись с друзьями!  </p>]]></root>