<root><![CDATA[<h1> Как избавиться от пыли в доме</h1><p><strong><em><a title="Как избавиться от пыли в доме"><img height="170" src="https://hmarka.ua/ru/articles/kak-izbavitsya-ot-pyli-v-dome/143_227x170.jpg" style="float: left;" width="227"/></a>    5 способов устранить пыль и поддерживать чистоту в доме.   </em></strong><br/>  Пыль имеет свойство оседать, поэтому начинать нужно с высоких поверхностей, постепенно двигаясь вниз.  <br/>  Пылесосить полы можно в конце уборки. Современные пылесосы улавливают частицы пыли, поэтому можно не бояться, что он осядет на полках. </p><p>  Боритесь с пылью без проблем! </p><p><strong><em>    1. Табу на перьевые метелки.   </em></strong>  Этот "борец с пылью" кажется гламурным, но бессмысленным. На деле перьевая метелка только разносит, а не устраняет пыль. Самое надежное и самое бюджетное средство для борьбы с пылью - универсальная салфетка. </p><p><strong><em>    2. Обезвреживание "пылесборников".   </em></strong>  Мягкие игрушки, пледы, диванные подушки, шторы и прочее положите в стиральную машину, включив режим сушки на 15-20 минут. </p><p>  Чтобы обезвредить пылевого клеща, стирайте и сушите вещи при высокой температуре - не ниже +60, если конечно, позволяют свойства ткани. </p><p><strong><em>    3. Беритесь за книги, карнизы и картины.   </em></strong>  Чистой малярной кисточкой хорошо удалять пыль с абажуров, карнизов, деревянных стульев, перил и картинных рам. </p><p>  Наденьте резиновые перчатки и смочите их в холодной воде - так Вы быстро снимете шерсть домашних животных с кресел и диванов. </p><p>  Поставте фен на "холодный" режим, легко пройдитесь и быстро почистьте книги, растения в вазонах, комнатные аксессуары и др. </p><p><strong><em>    4. Пыль обожает мебель.   </em></strong>  Мягкая мебель - любимое место для проживания пылевых клещей. Тщательно пропылесосьте со всех сторон диванные подушки, а также обивку под ними. </p><p><strong><em>    5. Полируйте осторожно.   </em></strong>  При полировке мебели правильно будет наносить полироль на тряпочку, а затем протирать ею мебель. </p><p>  Разбрызгивая полироль непосредственно на очищаемую поверхность, Вы потратите больше средства и дольше будете протирать. Это потребует дополнительной полировки чистой тканью и частых покупок полироли. А если Вам не удастся устранить избыток средства, то его липкий налет только привлечет пыль и на мебели образуются видимые грязные пятна. </p><a>  пыль </a> , <a>  уборка </a> , <a>  чистота </a> , <a>  как кубираться </a><i data-social="twitter" onclick='popup_window("https://twitter.com/share?url=https://hmarka.ua/ru/articles/kak-izbavitsya-ot-pyli-v-dome/")'></i><i data-social="facebook" onclick='popup_window("https://www.facebook.com/sharer/sharer.php?u=https://hmarka.ua/ru/articles/kak-izbavitsya-ot-pyli-v-dome/")'></i><i data-social="pinterest" onclick="popup_window(url='https://www.pinterest.com/pin/create/button/?url=https://hmarka.ua/ru/articles/kak-izbavitsya-ot-pyli-v-dome/&amp;media=https://hmarka.ua/media/thumbs/articles/icons/16_w.jpg&amp;description=Как избавиться от пыли в доме ', w=580, h=327)"></i><p>   Понравился товар? Поделись с друзьями!  </p>]]></root>