<root><![CDATA[<h1> Как избавиться от моли?</h1><p><a title="Как избавиться от моли?"><img height="172" src="https://hmarka.ua/ru/articles/kak-izbavitsya-ot-moli/11_253x172.jpg" style="float: left;" width="253"/></a>  Моль в доме - это серьезная неприятность. Оно и понятно, кому хочется оплакивать испорченные вещи и гонять отвратительных вредителей. Поэтому стоит приложить усилий и пытаться так хранить вещи, чтобы моль не могла появиться у вас в доме.  <br/>  Существует много  <strong>   разновидностей моли  </strong>  . Наиболее распространенной из них является  <strong>   платяная моль  </strong>  , которая портит шерстяные вещи. Кроме платяной моли в домах заводится  <strong>   мебельная, шубная, ковровая  </strong>  и другие виды моли. Почти все они питаются натуральными волокнами - шерстью, шелком. Некоторые виды моли поедают также муку, зерно и другие пищевые продукты, а иногда и ткани из синтетических материалов.  <br/>  За время своей жизни моль проходит четыре стадии: яйцо, гусеница, куколка, бабочка. Вреда вещам наносит только моль-гусеница, которая и поедает ткани и меха. Моль (бабочка) подобной вреда не наносит, но откладывает яйца, из которых образуются гусеницы-вредители.  <br/>  Моль, как правило, не заводится в одежде, которую постоянно носят или время от времени просушивают на солнце и выносят на открытый воздух. Чаще порчи молью подвергаются те вещи, которые мы убираем на долгое хранение в теплое время года.  <br/>  Борьба с молью достаточно сложная. Она включает  <strong>   комплекс профилактических мероприятий  </strong>  . Чтобы предупредить появление моли, необходимо  <strong>   систематически убирать и проветривать квартиру и помещения  </strong>  , где хранятся одежда и обувь,  <strong>   регулярно чистить ковры и мягкую мебель  </strong>  (пылесосом), не реже 2-3 раз в месяц делать  <strong>   влажную уборку  </strong>  , а иногда и с применением  <a>   дезинфицирующих средств  </a>  .  <br/>  Прежде, чем укладывать вещи на хранение, их необходимо хорошо просушить и вычистить.  <strong>   Химическая чистка изделий  </strong>  также препятствует появлению моли. Очень полезно и такое профилактическое мероприятие, известное с древних времен: прежде чем шерстяные вещи прячут на хранение, их «прокаливают» несколько часов на солнце, одновременно выбивая из них пыль. Под действием солнечных лучей яйца моли погибают.  <br/>  Чистые сухие вещи лучше всего хранить в полиэтиленовых или бумажных пакетах или мешках, которые следует хорошо завязать или заклеить липкой лентой. При хранении в полиэтиленовых пакетах меховых изделий, рекомендуется сначала завернуть их в бумагу.  <br/>  Регулярно, не реже одного раза в месяц, вещи надо осматривать. В случае появления личинок моли, необходимо вещи срочно просушить на солнце и обработать средствами от моли.  <br/>  Вещи, которые следует хранить долго, часто «защищают»  <strong>   нафталином  </strong>  . Однако следует помнить, что нафталин не убивает моль, а лишь отпугивает бабочку моли, не давая ей отложить яйца.  <a title="Как избавиться от моли?"><img height="133" src="https://hmarka.ua/ru/articles/kak-izbavitsya-ot-moli/12_249x133.jpeg" style="float: right;" width="249"/></a><br/>  Нафталин выпускается в виде белого или слабо окрашенного порошка, либо в виде чешуек, а также в таблетках. Порошок (или чешуйки) нафталина насыпают в несколько марлевых мешочков и размещают их в разных местах платяного шкафа (для чемодана достаточно одного мешочка, для шкафа емкостью около 1 м3 - два-три мешочка). При этом шкаф и чемодан надо держать закрытыми.  <br/>  Нафталин в таблетках освобождают от пленки, в которой он выпускается, и тоже помещают в платяной шкаф, чемодан и т.д. (3-5 таблеток на платяной шкаф, 1-2 таблетки на чемодан). Нафталин в таблетках рекомендуется также класть в карманы одежды перед тем, как спрятать его на длительное хранение (можно также в марлевых мешочках).  <br/>  Ковровые изделия, обивку мебели обрабатывают для защиты от моли чаще  <strong>   препаратами контактного действия  </strong>  , которые продаются сейчас в большом количестве в хозяйственных магазинах. Перед употреблением выбранного средства, внимательно прочитайте инструкцию.  <br/>  Для уничтожения бабочек, гусениц и личинок моли, а также личинок коврового жука на ковровых изделиях, теплой одежде (т.е. вещах, которые хранятся не в шкафу, а в открытом виде) лучше использовать  <strong>   жидкие средства от моли  </strong>  .  <br/>  С помощью кисти или пульверизатора такое средство наносят на поверхность изделий. Ковры обрабатывают с изнанки. Через 3 месяца обработку следует повторить.  <br/>  Против бабочки моли эффективен порошок пиретрума (  <strong>   высушенные и измельченные цветы кавказской или далматской ромашки  </strong>  ); этот порошок распыляют в помещении с помощью резиновой груши из расчета 3-4 г на 1 м3 помещения.  <br/>  Моль отпугивают также  <strong>   высушенные корки апельсина, табачные листья, герань  </strong>  . </p> Источник:superova.com<a>  моль </a> , <a>  уборка </a> , <a>  чистота </a><i data-social="twitter" onclick='popup_window("https://twitter.com/share?url=https://hmarka.ua/ru/articles/kak-izbavitsya-ot-moli/")'></i><i data-social="facebook" onclick='popup_window("https://www.facebook.com/sharer/sharer.php?u=https://hmarka.ua/ru/articles/kak-izbavitsya-ot-moli/")'></i><i data-social="pinterest" onclick="popup_window(url='https://www.pinterest.com/pin/create/button/?url=https://hmarka.ua/ru/articles/kak-izbavitsya-ot-moli/&amp;media=https://hmarka.ua/media/thumbs/articles/icons/6_w.jpg&amp;description=Как избавиться от моли?', w=580, h=327)"></i><p>   Понравился товар? Поделись с друзьями!  </p>]]></root>