<root><![CDATA[<h1> Обивка - лицо Вашей мебели!</h1><p><img height="194" src="https://hmarka.ua/ru/articles/obivka-lico-vashej-mebeli/1_259x194.jpg" style="float: left;" width="259"/>   Лицом вашей мягкой мебели является бесспорно обивка. Одновременно, по сравнению с каркасом, наполнителем и т.д., это еще и очень чувствительна зона. А потому требует тщательного ухода. Правильный уход всегда является гарантом чистоты и отличного внешнего вида Вашей обивки, а значит и Вашей мебели!   </p><p>  Запомните несколько простых советов, которые всегда будут вам полезны: </p><p>  1. Довольно часто все хозяйки используют пылесос для сбора пыли, накопившейся на поверхности обивки. Это самый простой способ ухода, но не стоит им злоупотреблять. Особенно если текстура очень ворсистая, то вместе с пылью всасывается еще и ворс, а это ухудшает вид обивки. </p><p>  2. Чтобы обивка в течение долгих лет сохраняли презентабельный вид, избавьте ее такого счастья, как стиральная машинка. Эти вещи просто несовместимы. Стирка в машинке может значительно ухудшить вид поверхности обивки. </p><p>  3. Не сушите её с помощью электроприборов, дайте ей высохнуть естественным путем. Это для текстуры обивки будет лучше. </p><p>  4. Аналогично и если вы проводите чистку небольшого участка с помощью химсредств - сушка только естественным путем. </p><p>  5. Используя различные  <a>   средства для чистки пятен  </a>  , никогда их не смешивайте на поверхности обивки. Иначе результаты реакции на века останутся на Вашем любимом диванчике или кресле. Не стоит устраивать такие эксперименты! </p><p>  Но бывают пятна различного происхождения: то сын прилепил жвачку к стулу, то дочь вместе с подружками после длительных посиделок и разговоров пролила красное вино, то любимый случайно пролил кофе на кресло. Каждое пятно имеет свой «характер» и требует индивидуального  <img height="300" src="https://hmarka.ua/ru/articles/obivka-lico-vashej-mebeli/2_300x300.jpg" style="float: right;" width="300"/>  подхода. Вот, например: </p><ul><li>   жвачка и ткань в таких случаях сливаются практически воедино, но не стоит паниковать. Помочь сможет лед в пакетике, необходимого его приложить на некоторое время, а потом можно приступать к соскабливанию. Наконец это место можно еще обработать метиловым спиртом.  </li><li>   красное вино хорошо впитывает соль.  </li><li>   с кофейными пятнами и пятнами от шоколада достаточно легко бороться, и помощником вашим здесь будет кусочек мыла. Затем нужно будет это место хорошо потереть влажной тряпкой, и пятна как и не было.  </li><li>   пятна от сока требуют несколько больше усилий, смешивают аммиак и уксус, наносят на пятно и оставляют обивку, чтобы высохла.  </li></ul>]]></root>