<root><![CDATA[<h1> Сделай 6 шагов к чистым окнам!</h1><p><a title="Сделай 6 шагов к чистым окнам! "><img height="254" src="https://hmarka.ua/ru/articles/sdelaj-6-shagov-k-chistym-oknam/142_296x254.jpg" style="float: left;" width="296"/></a>  Наконец весна! Хочется любоваться солнцем и свежей зеленью. И делать это через чистые и прозрачные окна. Как легко и быстро их вымыть? </p><p><strong>   Шаг 1  </strong></p><p>  Для мытья окон выбирай не солнечную, а облачную погоду. Но и в дождливую погоду мыть окна не стоит. Солнце должно выглядывать из-за туч. </p><p><strong>   Шаг 2  </strong></p><p>  Стекла сначала лучше помыть водой. Растворы в ней средство для мытья посуды или порошок, который подходит для влажной уборки.  <br/>  Лучше использовать для мытья окон льняные тряпки или тряпки из микрофибры.  <br/>  Раствором со средством для мытья выдали всю грязь из стекла. Затем чистой тряпочкой, смоченной в воде, вытри остатки грязи на стекле. </p><p><strong>   Шаг 3  </strong></p><p>  Теперь помой рамы. Пластиковые рамы прекрасно моются кремообразным средством для чистки поверхностей.  <br/>  Деревянные рамы лучше мыть хозяйственным мылом, а смывать водой с добавлением нашатырного спирта.  <br/>  После мытья протри рамы насухо чистой тряпочкой. </p><p><strong>   Шаг 4  </strong></p><p>  Теперь придай окнам блеска. Возьми средство для мытья окон с нашатырем. Лучше брать не распылитель, а средство, которое нужно растворять в воде. При его использовании соблюдай инструкции.  <br/>  Можно использовать для мытья окон обычный шампунь без кондиционера и бальзама. Его надо растворить в воде из расчета 50 мл шампуня на 6 литров воды. </p><p><strong>   Шаг 5  </strong></p><p>  После мытья вытри стекла сухой тряпкой. С одной стороны окна вытирай стекло вертикальными движениями, с другой - горизонтальными. Теперь протри окно насухо обычными газетами. </p><p><strong>   Шаг 6  </strong></p><p>  Пластиковый подоконник вымой кремообразным средством для мытья. Для деревянного подоконника ты можешь использовать любые другие средства. </p><a>  окно </a> , <a>  уборка </a> , <a>  как мыть окна </a> , <a>  средство для мытья окон </a> , <a>  чистые окна </a><i data-social="twitter" onclick='popup_window("https://twitter.com/share?url=https://hmarka.ua/ru/articles/sdelaj-6-shagov-k-chistym-oknam/")'></i><i data-social="facebook" onclick='popup_window("https://www.facebook.com/sharer/sharer.php?u=https://hmarka.ua/ru/articles/sdelaj-6-shagov-k-chistym-oknam/")'></i><i data-social="pinterest" onclick="popup_window(url='https://www.pinterest.com/pin/create/button/?url=https://hmarka.ua/ru/articles/sdelaj-6-shagov-k-chistym-oknam/&amp;media=https://hmarka.ua/media/thumbs/articles/icons/17_w.jpg&amp;description=Сделай 6 шагов к чистым окнам! ', w=580, h=327)"></i><p>   Понравился товар? Поделись с друзьями!  </p>]]></root>