<root><![CDATA[<h1> Уход за тюлевыми занавесками</h1><p><a title=""><img align="left" height="240" src="https://hmarka.ua/ru/articles/uhod-za-tyulevymi-zanaveskami/28.jpg" width="240"/></a>  Тюлевые занавески является украшением любого жилища, но самое главное, они защищают от солнца и создают в помещении атмосферу легкости и чистоты. </p><p>  Современные тюлевые занавески изготавливаются из синтетических или натуральных волокон. </p><p><strong>   Уход за тюлевыми занавесками:  </strong></p><p><strong>   1. Подготовка к стирке.  </strong></p><p>  Перед стиркой занавески необходимо предварительно встряхнуть от пыли. После этого необходимо их замочить в теплом растворе (столовая ложка порошка или соды на 10 л воды) на 2-3 часа. </p><p><strong><br/>   2. Стирка тюлевых занавесок.  </strong></p><p><br/>  Стирка занавесок проводится в теплой воде (40-50 ° C) с добавлением  <a>   стирального порошка  </a>  . При стирке занавески необходимо слегка сжимать руками, но ни в коем случае не тереть их, и не выкручивать, чтобы избежать порчи внешнего вида и формы. Полоскать тюлевые занавески необходимо 2 раза: один раз в теплой воде, второй - в холодной. После стирки занавески можно повесить в расправленном состоянии для стекания воды. </p><p><strong><br/>   3. Глажка занавесок.  </strong></p><p><br/>  Если Вы повесили занавески для сбегания в расправленном виде, то гладить их не нужно. После стекания воды их вешают на свое место во влажном виде. При необходимости глажения их накрывают тканью и проглаживают утюгом, температура которого должны быть не более 120 ° C. </p><p><strong><br/>   4. Если тюлевая занавеска пожелтела.  </strong></p><p><br/>  Если Ваша синтетическая занавеска пожелтела (выгорела на солнце, испортилась от очень горячего утюга и т.д.), ее уже невозможно отстирать.Наилучшим выходом из такой ситуации является ее окраска в нежные тона. Более приемлемым является розовый или голубой оттенок. Пожелтевшую хлопчатобумажную занавеску можно отбелить в растворе перекиси водорода (40-50 гр. перекиси на 10 л воды).  <br/></p> Источник:lvi.kiev.ua<a>  стирка </a> , <a>  текстиль </a> , <a>  тюль </a> , <a>  уборка </a> , <a>  чистота </a><i data-social="twitter" onclick='popup_window("https://twitter.com/share?url=https://hmarka.ua/ru/articles/uhod-za-tyulevymi-zanaveskami/")'></i><i data-social="facebook" onclick='popup_window("https://www.facebook.com/sharer/sharer.php?u=https://hmarka.ua/ru/articles/uhod-za-tyulevymi-zanaveskami/")'></i><i data-social="pinterest" onclick="popup_window(url='https://www.pinterest.com/pin/create/button/?url=https://hmarka.ua/ru/articles/uhod-za-tyulevymi-zanaveskami/&amp;media=https://hmarka.ua/media/thumbs/articles/icons/15_w.jpg&amp;description=Уход за тюлевыми занавесками', w=580, h=327)"></i><p>   Понравился товар? Поделись с друзьями!  </p>]]></root>