<root><![CDATA[<h1> Ухаживаем за ванной и душем</h1><p><a title="Ухаживаем за ванной и душем"><img height="210" src="https://hmarka.ua/ru/articles/uhazhivaem-za-vannoj-i-dushem/17_300x210.jpg" style="float: left;" width="300"/></a>  Несколько советов хозяйкам о том, как поддерживать в чистоте и блеске ванну и душ, душевую кабинку и краны в ванной комнате. </p><p>  Для того  <strong><em>    чтобы избежать появления плесени на стенах в ванной и душе   </em></strong>  , необходимо обеспечить циркуляцию воздуха. Обязательно проветривайте помещение после каждого купания или стирки, по возможности включайте принудительную вентиляцию. </p><p>  Если у вас нет вытяжки или окон в ванной, потратьте каждый раз 2-3 минуты на то, чтобы обсушить стены полотенцем или феном. Включите переносной вентилятор. Однако помните о технике безопасности пользования электроприборами в сыром помещении! </p><p>  Если у вас душ, обязательно оставляйте дверцу открытой, чтобы обеспечить приток сухого воздуха. Вытряхивайте завесы, распрямляйте их и просушивайте так же, как и стены. </p><p>  Не забывайте позаботиться о ванне или душевой кабинке каждый раз, когда вы купаетесь. Перед тем, как выбраться из них, сполосните стены и дверцы от мыльных брызг! Это займет всего несколько секунд, но вы навсегда избавитесь от часового мероприятия - отдраивать засохшие мыльные пятна при генеральной уборке. </p><p>  Имейте под рукой специальную хозяйственную мочалку, тряпку или щетку, чтобы протереть кабинку или ванну после каждого использования. При регулярном уходе вам необязательно будет использовать тяжелые химические вещества для чистки этой части вашего дома - подойдет любое мыло!  <em><strong>    Чтобы избавиться от темных пятен на стенах   </strong></em>  , можно использовать слабый раствор отбеливателя в спрее - просто сбрызнуть, потереть, смыть и просушить. </p><p><a title="Ухаживаем за ванной и душем"><img height="225" src="https://hmarka.ua/ru/articles/uhazhivaem-za-vannoj-i-dushem/16_300x225.jpg" style="float: right;" width="300"/></a>  Также помните, что некоторые  <a>   моющие средства  </a>  нельзя смешивать!Это может привести к химической реакции и к отравлению. </p><p>  Для того,  <em><strong>    ч   </strong><strong>    тобы ваши краны всегда блестели   </strong></em>  , регулярно мойте их обычной водой, после чего не оставляйте сохнуть, а протирайте насухо полотенцем - зеркальный блеск без дополнительной полировки и использования химии гарантировано! </p><p>  Обязательно протирайте пол после использования ванны. Это не только поможет  <em><strong>    снизить влажность   </strong></em>  здесь, но и снизит риск травм и падений. Мокрый скользкий кафель - опасная штука! </p><p>  Регулярно просушивайте с обеих сторон коврики и половики, если такие есть в ванной. С нижней стороны покрытия может нарастать плесень и размножаться бактерии. </p><p>  Ваша ванная при небольших ежедневных временных затратах в любой момент будет рада встречать Вас и Ваших гостей. </p> Источник:tovpanorama.blogspot.com<a>  ванна </a> , <a>  душ </a> , <a>  уборка </a> , <a>  чистота </a><i data-social="twitter" onclick='popup_window("https://twitter.com/share?url=https://hmarka.ua/ru/articles/uhazhivaem-za-vannoj-i-dushem/")'></i><i data-social="facebook" onclick='popup_window("https://www.facebook.com/sharer/sharer.php?u=https://hmarka.ua/ru/articles/uhazhivaem-za-vannoj-i-dushem/")'></i><i data-social="pinterest" onclick="popup_window(url='https://www.pinterest.com/pin/create/button/?url=https://hmarka.ua/ru/articles/uhazhivaem-za-vannoj-i-dushem/&amp;media=https://hmarka.ua/media/thumbs/articles/icons/10_w.jpg&amp;description=Ухаживаем за ванной и душем', w=580, h=327)"></i><p>   Понравился товар? Поделись с друзьями!  </p>]]></root>