<root><![CDATA[<h1> Уход за кожаными изделиями</h1><p><a title="Уход за кожаными изделиями"><img height="349" src="https://hmarka.ua/ru/articles/uhod-za-kozhanymi-izdeliyami/18_253x349.jpg" style="float: right;" width="253"/></a>  В этой статье мы приведем несколько советов по уходу за кожаными изделиями. </p><p>  1. Кожаные изделия рекомендуется изредка протирать глицерином для восстановления блеска.  <em><strong>    Если вещь сильно заносилась   </strong></em>  , ее можно натереть кожурой от апельсина. </p><p><br/>  2.  <em><strong>    Кожаную обувь можно восстановить   </strong></em>  с помощью скипидара и 3-4 капель молока. </p><p><br/>  3.  <em><strong>    Для ухода за белыми кожаными туфлями   </strong></em>  их необходимо мыть поролоновой губкой, смоченной в растворе с  <a>   тирального порошка  </a>  . Затем необходимо промыть водой и вытереть насухо, смазать бесцветным гуталином. </p><p><br/>  4.  <em><strong>    Для ухода за кожаными сумками   </strong></em>  необходимо изредка промывать их в теплой воде с добавлением нашатырного спирта, а потом обязательно просушивать и натирать мягкой тряпкой, смоченной касторовым маслом. </p><p><br/><a title="Уход за кожаными изделиями"><img height="225" src="https://hmarka.ua/ru/articles/uhod-za-kozhanymi-izdeliyami/19_300x225.jpg" style="float: left;" width="300"/></a>  5. Во избежание  <strong><em>    затвердевания мокрых кожаных туфель   </em></strong>  , их необходимо высушить и натереть вазелином, а спустя несколько часов протереть. </p><p><br/>  6.  <em><strong>    Если на кожаной вещи образовалась плесень   </strong></em>  , ее можно удалить с помощью тампона, смоченного бензином. </p><p>  7.  <em><strong>    Перчатки, куртки   </strong></em>  из кожи рекомендуют чистить фланелью, смоченной белком. </p> Источник:lvi.kiev.ua<a>  кожаные изделия </a> , <a>  текстиль </a> , <a>  уход за вещами </a><i data-social="twitter" onclick='popup_window("https://twitter.com/share?url=https://hmarka.ua/ru/articles/uhod-za-kozhanymi-izdeliyami/")'></i><i data-social="facebook" onclick='popup_window("https://www.facebook.com/sharer/sharer.php?u=https://hmarka.ua/ru/articles/uhod-za-kozhanymi-izdeliyami/")'></i><i data-social="pinterest" onclick="popup_window(url='https://www.pinterest.com/pin/create/button/?url=https://hmarka.ua/ru/articles/uhod-za-kozhanymi-izdeliyami/&amp;media=https://hmarka.ua/media/thumbs/articles/icons/11_w.jpg&amp;description=Уход за кожаными изделиями', w=580, h=327)"></i><p>   Понравился товар? Поделись с друзьями!  </p>]]></root>