<root><![CDATA[<h1> Уход за обувью</h1><p style="text-align: left;"><a title="Уход за обувью"><img height="199" src="https://hmarka.ua/ru/articles/uhod-za-obuvyu/13_300x199.jpg" style="float: right;" width="300"/></a>  Полезные советы по уходу за обувью помогут вам сохранить её красивой и продлить срок ношения. </p><ul><li><em><strong>     Велюровая и замшевая обувь    </strong></em>   требует особого ухода. Очистив обувь от пыли жесткой щеткой, её протирают сухой столовой солью.  </li></ul><ul><li><strong><em>     Место, залоснившиеся    </em></strong>   , можно аккуратно протереть наждачной бумагой № 0.  </li></ul><ul><li>   Восстановить   <strong><em>     ворс замши    </em></strong>   , которая залоснилась, можно специальной резиновой щеткой или карандашной резинкой.  </li></ul><ul><li>   Очень   <strong><em>     загрязненную замшевую обувь    </em></strong>   чистят щеткой, смоченной в теплой мыльной воде с добавлением небольшого количества нашатырного спирта, а затем промывают холодной водой.  </li></ul><ul><li><strong><em>     Жирные пятна    </em><em>     с замшевой обуви    </em></strong>   удаляют бензином или присыпают тальком, который через несколько часов счищают жесткой щеткой.  </li></ul><ul><li><em><strong>     Места, сильно залоснившиеся    </strong></em>   , на замшевой обуви можно протереть ватным тампоном, смоченным в нашатырном спирте.  </li></ul><ul><li><strong><em>     Ворс расправится    </em></strong>   лучше, если подержать замшу над струей пара (например, над носиком кипящего чайника).  </li></ul><ul><li><strong><em>     Уход за кожаной обувью    </em></strong>   всегда один и тот же: ежедневно очищайте её от грязи и пыли, и смазывайте кремом, наводите глянец мягкой шерстяной или бархатной тряпочкой. Крем придает коже мягкость и защищает её от влаги. Крем можно заменить вазелином. Он к тому же бесцветный.  </li></ul><ul><li>   Если   <em><strong>     на кожаной обуви    </strong></em>   появилось   <strong><em>     пятно    </em></strong>   , его можно удалить бензином или соком лука.  </li></ul><ul><li>   Не сушите обувь на батареях или у обогревателя. Оно станет жестким и покоробится.   <a title="Уход за обувью"><img height="278" src="https://hmarka.ua/ru/articles/uhod-za-obuvyu/14_288x278.jpg" style="float: right;" width="288"/></a></li></ul><ul><li>   Если же   <strong><em>     обувь пересохла    </em></strong>   , смягчить её можно касторовым или растительным маслом, глицерином или вазелином.  </li></ul><ul><li>   Если   <strong><em>     обувь вам мала, тесна    </em></strong>   , её можно растянуть, смочив внутреннюю и внешнюю поверхности обуви одеколоном и сразу же в ней походив.  </li></ul><ul><li><em><strong>     Промокшую обувь    </strong></em>   сушите, набив в неё старые газеты или тонкую бумагу, меняя их по мере пропитки.  </li></ul><ul><li><em><strong>     Лакированные туфли    </strong></em>   чистят специальным препаратом, но можно смазывать и касторовым маслом, после чего протереть насухо мягкой тканью.  </li></ul><ul><li><em><strong>     Зимние сапоги    </strong></em>   дольше сохранят свою первоначальную форму, если в голенище вставлять вырезанный из твердого картона вкладыш. Кстати, тогда и «молнии» прослужат дольше.  </li></ul> Источник:superova.com<a>  обувь </a> , <a>  текстиль </a> , <a>  уход за вещами </a><i data-social="twitter" onclick='popup_window("https://twitter.com/share?url=https://hmarka.ua/ru/articles/uhod-za-obuvyu/")'></i><i data-social="facebook" onclick='popup_window("https://www.facebook.com/sharer/sharer.php?u=https://hmarka.ua/ru/articles/uhod-za-obuvyu/")'></i><i data-social="pinterest" onclick="popup_window(url='https://www.pinterest.com/pin/create/button/?url=https://hmarka.ua/ru/articles/uhod-za-obuvyu/&amp;media=https://hmarka.ua/media/thumbs/articles/icons/8_w.jpg&amp;description=Уход за обувью', w=580, h=327)"></i><p>   Понравился товар? Поделись с друзьями!  </p>]]></root>