<root><![CDATA[<h1> Ухаживаем за линолеумом</h1><p><a title="Ухаживаем за линолеумом"><img height="240" src="https://hmarka.ua/ru/articles/uhazhivaem-za-linoleumom/27_300x240.jpg" style="float: left;" width="300"/></a>  Чтобы линолеум находился всегда в хорошем состоянии, необходимо ежедневно вытирать его влажной тряпкой. </p><p>  Один раз в неделю линолеум моют теплой мыльной водой, затем смывают чистой и вытирают насухо тряпкой. </p><p>  Чистый линолеум следует покрыть тонким слоем мастики и через несколько часов натереть до блеска шерстяной тряпкой. Линолеум дольше сохранится, если к ножкам мебели прикрепить кусочки фетра. </p><p>  Пол, покрытый линолеумом, лучше всего мыть теплым раствором хозяйственного мыла, тщательно смывая мыльную пену водой. </p><p>  В воду для мытья линолеума нельзя добавлять ни соду, ни нашатырный спирт - они разрушают материал, на его поверхности появляются белесые пятна. </p><p>  Линолеум можно натирать мастиками. Но при этом следует иметь в виду, что новый линолеум лучше натирать бесцветной мастикой, старый, на котором есть пятна и царапины, - темной, пленка которой скроет все недостатки. </p><p>  Если на линолеум пролили масло или жир - немедленно удалите их, иначе на нем останутся темные несмываемые пятна; загрязненное место протрите тряпочкой, смоченной скипидаром. Не следует настилать линолеум в лоджиях, на балконах, на открытых верандах - на морозе и от изменения температур линолеум быстро разрушается. </p><p>  Если вы не применяете для ухода за линолеумом полирующие средства, то рекомендуем раз в три месяца смазывать его олифой, а затем тщательно протирать мягкой тряпкой. </p> Источник:zfm.com.ua<a>  линолеум </a> , <a>  уборка </a> , <a>  чистота </a><i data-social="twitter" onclick='popup_window("https://twitter.com/share?url=https://hmarka.ua/ru/articles/uhazhivaem-za-linoleumom/")'></i><i data-social="facebook" onclick='popup_window("https://www.facebook.com/sharer/sharer.php?u=https://hmarka.ua/ru/articles/uhazhivaem-za-linoleumom/")'></i><i data-social="pinterest" onclick="popup_window(url='https://www.pinterest.com/pin/create/button/?url=https://hmarka.ua/ru/articles/uhazhivaem-za-linoleumom/&amp;media=https://hmarka.ua/media/thumbs/articles/icons/14_w.jpg&amp;description=Ухаживаем за линолеумом', w=580, h=327)"></i><p>   Понравился товар? Поделись с друзьями!  </p>]]></root>