<root><![CDATA[<h1> Чистим холодильник</h1><p><a title="Чистим холодильник"><img height="294" src="https://hmarka.ua/ru/articles/chistim-holodilnik/30_260x294.jpg" style="float: left;" width="260"/></a>  Сейчас появилось в продаже много холодильников новых марок. При покупке такого холодильника продавец вам всегда сообщит, что в нем установлена  <em>   ​​автоматическая система размораживания  </em>  , и большинство хозяек считают, что они наконец избавились от систематической чистки морозильной камеры и холодильника. Это очень  <em>   распространенная ошибка  </em>  . </p><p>  Специалисты утверждают, что мыть холодильник нужно не менее двух-трех раз в год. Если слой льда в морозильной камере достигнет толщины 5 мм, расход электроэнергии увеличится на 25%. Нельзя забывать и о задней стенке холодильника: загрязненный конденсатор приведет к ухудшению охлаждения, холодильник будет включаться чаще и срок службы сократится, а расход электроэнергии естественно возрастет. </p><p><strong>   Как же правильно чистить холодильник?  </strong>  Необходимо: </p><p><strong><em>    1. Отключить холодильник от электросети;   </em></strong></p><p><strong><em>    2. Освободить его от продуктов;   </em></strong></p><p><strong><em>    3. Разморозить морозильную камеру.   </em></strong>  Конечно, здесь можно использовать фен или любой обогреватель с воздушным потоком (нельзя помещать прибор в саму камеру), но лучше использовать средство для оттаивания, оно помогает легко избавиться от льда в холодильнике и морозильнике. Ни в коем случае не удаляйте лед, который появился, острыми и твердыми предметами, это может вывести холодильник из строя; </p><p><strong><em>    4. Вымыть внутреннюю поверхность холодильника.   </em></strong>  Безусловно, можно вымыть эту поверхность теплой водой с небольшим добавлением дезинфицирующего средства (уплотнитель нужно мыть просто чистой водой), после чего необходимо все насухо протереть. </p><p>  Нельзя использовать для мытья кислоты и порошки, лучше всего пользоваться чистящим средством для холодильников. Такое средство удаляет пятна, остатки пищи, оставляет приятный запах и препятствует размножению бактерий. </p><p>  Производители выпускают так же и специальное средство по уходу за холодильником, который обладает антибактериальным действием, чистит, дезинфицирует, обеззараживает внутренние поверхности холодильника и морозильника, и самое главное, он не требует смывания, поскольку не токсичен и не имеет запаха; </p><p><strong><em>    5   </em><em>    . Протереть все мягкой сухой салфеткой.   </em></strong>  Специально для холодильников выпускается поглотитель запахов, который состоит из угольного фильтра и предотвращает изменение натуральных запахов, он может подвешиваться на полочку. </p><p>  Такой аксессуар, как антибактериальный коврик, имеет тоже важное значение, он сохраняет овощи и фрукты, позволяя воздуху циркулировать между продуктами и стенками холодильника. </p><p>  Для мытья лучше использовать тряпки из микрофибры и обязательно защищать кожу рук перчатками. </p><p>  Не допускайте, чтобы влага при мытье попадала на переключатель или в систему освещения. </p> Источник:superova.com<a>  техника </a> , <a>  уборка </a> , <a>  холодильник </a> , <a>  чистота </a><i data-social="twitter" onclick='popup_window("https://twitter.com/share?url=https://hmarka.ua/ru/articles/chistim-holodilnik/")'></i><i data-social="facebook" onclick='popup_window("https://www.facebook.com/sharer/sharer.php?u=https://hmarka.ua/ru/articles/chistim-holodilnik/")'></i><i data-social="pinterest" onclick="popup_window(url='https://www.pinterest.com/pin/create/button/?url=https://hmarka.ua/ru/articles/chistim-holodilnik/&amp;media=https://hmarka.ua/media/thumbs/articles/icons/7_w.jpg&amp;description=Чистим холодильник', w=580, h=327)"></i><p>   Понравился товар? Поделись с друзьями!  </p>]]></root>