<root><![CDATA[<h1> Чистка полированной мебели</h1><p><img height="211" src="https://hmarka.ua/ru/articles/chistka-polirovannoj-mebeli/139_300x211.jpg" style="float: left;" width="300"/>   Чистка мебели во время уборки квартиры - вещь необходимая. Но как много сил и времени отнимает отчистка пятен, особенно от горячих предметов. Полезные советы помогут вам справиться с чисткой мебели, не отнимая много сил!   </p><p>  •  <strong><em>    Грязные пятна на полированной поверхности   </em></strong>  можно смыть при помощи бензина, а затем протереть вычищенное место смесью растительного масла и одеколона, взятых в равных пропорциях. После того как поверхность высохнет, протрите ее сухой шерстяной тканью. </p><p>  •  <strong><em>    Неплохо удаляет пятна с полированной мебели   </em></strong>  и подогретый уксус. Смочите в уксусе ватный тампон, удалите загрязнения, а затем отполируйте мебель воском или бесцветным кремом для обуви. </p><p>  •  <strong><em>    Белое пятно, которое появилось на мебели от горячей посуды   </em></strong>  , можно удалить двумя способами: пятно протирают матерчатым мешочком с солью, смочив предварительно мешочек в растительном масле, или чистят тампоном, смоченным в одеколоне и растительном масле. </p><p>  • Если  <strong><em>    пятно на деревянной мебели не устарело   </em></strong>  , то можно попытаться вывести его. Натрите пятно на поверхности размягченным воском, а затем через бумагу прогладьте это место теплым утюгом. </p><p>  • Если это не помогло, нужно закрасить пятно и заново отполировать мебель, или покрыть ее лаком. Закрасить пятно можно йодом или воском для обуви.  <strong><em></em></strong></p><p><strong><em>    Незначительные царапины на мебели   </em></strong>  можно замазать воском и отполировать чистой тряпкой. Если цвет царапины очень сильно отличается от цвета мебели, ее можно закрасить тушью, йодом или другими подобными веществами и покрыть воском. </p> Источник:superova.com<a>  мебель </a> , <a>  полироль </a> , <a>  пятна </a> , <a>  уборка </a> , <a>  чистота </a> , <a>  чистка </a><i data-social="twitter" onclick='popup_window("https://twitter.com/share?url=https://hmarka.ua/ru/articles/chistka-polirovannoj-mebeli/")'></i><i data-social="facebook" onclick='popup_window("https://www.facebook.com/sharer/sharer.php?u=https://hmarka.ua/ru/articles/chistka-polirovannoj-mebeli/")'></i><i data-social="pinterest" onclick="popup_window(url='https://www.pinterest.com/pin/create/button/?url=https://hmarka.ua/ru/articles/chistka-polirovannoj-mebeli/&amp;media=https://hmarka.ua/media/thumbs/articles/icons/12_w.jpg&amp;description=Чистка полированной мебели', w=580, h=327)"></i><p>   Понравился товар? Поделись с друзьями!  </p>]]></root>