<root><![CDATA[<h1> Чистота зеркала - репутация хозяйки дома!</h1><p><a title="Чистота зеркала - репутация хозяйки дома!"><img height="270" src="https://hmarka.ua/ru/articles/chistota-zerkala-reputaciya-hozyajki-doma/26_274x270.jpg" style="float: left;" width="274"/></a>  Зеркала ... зеркала ... зеркала ... Пожалуй, ни одна женщина не минует его, увидев в каком-либо супермаркете, салоне или даже на улице. А тем более уже не упустит такой возможности - заглянуть в него)) Насколько мы любим в них смотреть, на столько же и не любим их очищать от отпечатков пальцев членов всей семьи, случайных мазочков  <a>   туши  </a>  , пыли и т.д. А иногда над этим занятия приходится изрядно попотеть) </p><p>  Поэтому, чтобы облегчить ваши нелегких трудовые будни прилежной домохозяйки, мы попытаемся дать вам несколько полезных советов, которые надеемся пригодятся вам. </p><p>  Никогда не протирайте зеркала в своем доме газетной бумагой, «пережиток прошлого» как ни как. Лучше используйте для этих целей кусочек ткани, смоченный денатурированным спиртом. </p><p>  Существует еще один рецепт для очистки зеркальных поверхностей. Хотя для его приготовления придется затратить немного времени, но результат того стоит. Итак, влейте 2 стакана горячей воды в сосуд, добавьте 50 г уксуса и 50 г мела, тщательно перемешайте и оставьте отстояться. Для протирания зеркал нам потребуется отстоянная жидкость, слейте ее в другую посуду и к работе! Наконец еще раз протрите зеркало кусочком мягкой ткани. Но будьте осторожны, следите за тем, чтобы «волшебная» жидкость не оказалась на обратной стороне. Этот рецепт применяют, если поверхность зеркала очень загрязнена. </p><p><br/>  Успехов и вдохновения Вам, Хозяюшки! </p>]]></root>