<root><![CDATA[<h1> Что нужно знать о стиральном порошке?</h1><p>  Чтобы вещи долго носились и всегда были красивы, за ними необходимо правильно ухаживать. А стиральный порошок - неотъемлемая часть существования современного человека, поэтому спрос на него будет всегда. Марка стирального порошка - это, конечно, личный выбор каждого, и на сегодняшний день ассортимент стиральных порошков в магазинах достаточно широк: и универсальные, и био, и колор, и концентрированные, и порошки-автоматы. Их представляют компании: Dosia, Mortein, Calgon, Vanish, Harpic, Caigonit, Veet, Миф, Tide, Ariel, Lenor, Cussons, "Большая Стирка", "Обычный", "Ворсинка", "Пемос", Persil, Sorti, "Бимакс". Эти порошки справляются с самыми сложными загрязнениями благодаря использованию специальной формулы и компонентов, высокую эффективность которых подтвердили специалисты по стирке и уборке. </p><p>  При стирке вещей вручную, необходимо дождаться полного растворения порошка в воде, прежде чем положить в стиральный раствор вещи. При стирке вещей в стиральной машиной, необходимо выбрать правильную температуру и программу стирки. </p><p>  Вещи к стирке нужно подготовить - вынуть все из карманов, распрямить манжеты на рукавах рубашек, брюки и юбки вывернуть на изнанку, молнии, кнопки и крючки застегнуть, шнурки и тесемки связать, пуговицы расстегнуть.  <br/>  При стирке все вещи необходимо рассортировать. Разложить одежду по цветам: темную, белую, светлую. При этом стоит учитывать из какого материала сделана одежда: шерсть и шелк стирают отдельно от хлопка и льна. </p><p>  Несколько советов при стирке вещей: </p><p>  Стёганые пальто и куртки можно отлично отстирать в барабанной машине. </p><p>  Если прорези для пуговиц и карманы на трикотажных или вязанных вещах вытянулись - перед стиркой зашейте их встык мелкими стежками. </p><p>  Синтетические ткани не замачивают перед стиркой. </p><p>  Вещи из ацетатного волокна нельзя ни выкручивать, ни отжимать в барабане стиральной машины. </p><p>  Ультразвуковая стиральная машина, которая легко уместится на ладони, легко заменит обычную стиральную машину, без труда отстирает и шифоновую блузку, и пуховик, и ватное одеяло. Стирка белья ультразвуком сохранит ваши вещи надолго! Важно подобрать качественный порошок для стирки. </p><p>  Хороший порошок SA8 COLOR для стирки цветных тканей. Этот не содержащий фосфатов стиральный порошок эффективно удаляет пятна и предотвращает линьку и обесцвечивание цветных тканей. </p><p>  На рынке средства для стирки черных тканей представлены в ассортименте импортных производителей (Fewa (Henkel), Wollite, Luxus, Domal, Perwool, "Ласка" ("Хенкель Юг"). Большая часть этих средств также выпускается в жидкой форме, но бывают и порошки. </p><p>  Такие средства обогащены ультрамягкими ингредиентами для бережной стирки, а также имеют в своём составе фиксатор красителя для предотвращения выцветания чёрного цвета. В некоторые средства добавлены антибактериальные компоненты. Явное преимущество таких жидких средств - в отсутствии белых разводов, которые нередко появляются на черном белье после стирки их с порошками, ведь в порошках присутствуют плохо растворимые в воде добавки, которые и оседают на одежде. </p><p>  Также, к специальным моющим средствам относятся средства для стирки гардин. Они также бывают как в жидком, так и в порошкообразном виде (DALLI Gardinen reinweiss и др.). Эти средства предназначены для смягчения текстильных изделий, после стирки они меньше сминаются, их легче гладить. В их состав обычно входят химический и оптический отбеливатели. </p><p>  Иногда загрязнения можно смыть с белья обычной водой, но если мы имеем дело с трудно выводимыми пятнами, то без синтетического порошка не обойтись. В состав моющего средства входят различные химические вещества. </p><p>  Поговорим об основных:  <br/>  - ПАВ, или поверхностно-активные вещества - их молекулы отрывают жировые капельки от волокон ткани.  <br/>  - Энзимы - уничтожают трудно выводимые пятна белкового происхождения. Начинают действовать через некоторое время и в воде, температура которой не выше 40 градусов Цельсия.  <br/>  - Отбеливающие средства - устраняют желтизну белья. Эффективны в горячей воде, т.к. только при высоких температурах выделяется кислород, отбеливающий волокна ткани. Иногда в порошок добавляют активатор химического отбеливателя, который отбеливает ткань и при более низких температурах.  <br/>  - Секвестранты - смягчают воду.  <br/>  - Оптические азурены - придают эффект белизны, окрашиваю белье.  <br/>  - Отдушки - аромат свежевыстиранного белья, однако, приятный не для всех, о чем речь пойдет далее.  <br/>  - Стабилизаторы пены - снижают образование пены и поэтому подходят для стиральных машин-автоматов. Также снижают повторное прилипание грязи к ткани. Раньше считали, что чем больше пены, тем лучше моющее средство.  <br/>  - Связывающие вещества - предохраняют стиральные машины от образования накипи. </p><p>  Решать, какой же именно порошок выбрать, следует, внимательно изучив его состав. Лучше всего, для разных видов стирки приобрести отдельные порошки - для стирки цветных вещей; вещей из шерсти, шелка и других деликатных тканей; для стирки вещей, которые нуждаются в отбеливании или выведении пятен. </p><p>  Можно, конечно, приобрести и универсальный порошок, но тогда следует тщательным образом подбирать программы и температуру стирки, учитывая ее цели. Но и в этом случае обязательно нужно приобрести отдельный порошок для стирки вещей из шерсти и шелка. </p> Источник: <a rel="nofollow" target="_blank">  prelest.com </a><a>  как стирать </a> , <a>  состав порошка </a> , <a>  стиральный порошок </a><i data-social="twitter" onclick='popup_window("https://twitter.com/share?url=https://hmarka.ua/ru/articles/hto-nuzhno-znat-o-stiralnom-poroshke/")'></i><i data-social="facebook" onclick='popup_window("https://www.facebook.com/sharer/sharer.php?u=https://hmarka.ua/ru/articles/hto-nuzhno-znat-o-stiralnom-poroshke/")'></i><i data-social="pinterest" onclick="popup_window(url='https://www.pinterest.com/pin/create/button/?url=https://hmarka.ua/ru/articles/hto-nuzhno-znat-o-stiralnom-poroshke/&amp;media=https://hmarka.ua/media/thumbs/articles/icons/4_w.jpg&amp;description=Что нужно знать о стиральном порошке?', w=580, h=327)"></i><p>   Понравился товар? Поделись с друзьями!  </p>]]></root>